{
  "Component-preload.js": 1693345482654,
  "manifest.json": 1693345482198,
  "controller/App.controller.js": 1693345198103,
  "model/models.js": 1693345198099,
  "Component.js": 1693345198091,
  "Component-dbg.js": 1693345198091,
  "Component.js.map": 1693345482427,
  "model/models-dbg.js": 1693345198099,
  "model/models.js.map": 1693345482417,
  "controller/App-dbg.controller.js": 1693345198103,
  "controller/App.controller.js.map": 1693345482412,
  "i18n/i18n.properties": 1693345198095,
  "Component-preload.js.map": 1693345482654,
  "view/App.view.xml": 1693345198107,
  "css/style.css": 1693345198103,
  "index.html": 1693345198091
}